datime,x1,x2,x3,x4,x5,x6,x7,x8,y1,y2,y3,y4,周期,Y
2024-04-29 04:20:00,,,,,,,0.0,,,,,,0.0,
2024-04-29 04:30:00,6.831525,387.8698,50.112,33.16875,95.71603,15325.39,0.0,0.0,,,,,0.0,
2024-04-29 05:00:00,6.80001,388.3102,50.112,32.94375,93.34014,13495.36,0.0,0.0,,,,,0.0,
2024-04-29 05:20:00,,,,,,,,,,,,,1.0,
2024-04-29 05:30:00,6.768597,387.5944,50.112,33.1125,92.64651,13725.75,0.0,0.0,,,,,1.0,
2024-04-29 06:00:00,6.758042,387.5394,50.112,32.8875,92.84449,14102.43,0.0,0.0,,,,,1.0,
2024-04-29 06:20:00,,,,,,,,,,,,,2.0,
2024-04-29 06:30:00,6.736659,387.4843,53.124,33.16875,91.64677,15480.88,0.0,0.0,,,,,2.0,
2024-04-29 07:00:00,6.736659,387.1539,58.14,33.0375,91.49066,17945.81,0.0,0.0,,,,,2.0,
2024-04-29 07:20:00,,,,,,,,,,,,,3.0,
2024-04-29 07:30:00,6.747955,387.0989,62.184,33.09375,87.59776,19286.39,0.0,0.0,,,,,3.0,
2024-04-29 08:00:00,6.836662,387.3742,65.172,33.16875,85.81026,20727.41,0.0,0.0,,,,,3.0,
2024-04-29 08:20:00,,,,,,,,,,,,,4.0,
2024-04-29 08:30:00,6.925486,386.2729,68.196,32.90625,80.26584,23176.1,0.0,0.0,,,,,4.0,
2024-04-29 09:00:00,7.027272,385.6673,72.24,33.1125,82.59902,26564.76,0.0,0.0,,,,,4.0,
2024-04-29 09:20:00,,,,,,,,,,,,,5.0,
2024-04-29 09:30:00,7.102015,385.3919,76.26,33.1875,78.28439,27426.96,0.0,0.0,,,,,5.0,
2024-04-29 10:00:00,7.134361,385.447,80.292,33.1125,70.80409,29077.98,0.0,0.0,,,,,5.0,
2024-04-29 10:20:00,,,,,,,,,34.0,7.0,,,6.0,
2024-04-29 10:30:00,7.156192,384.1806,84.324,32.9625,65.29095,30603.32,0.0,0.0,,,,,6.0,
2024-04-29 11:00:00,7.156192,384.2907,86.34,33.1875,64.61753,31178.76,0.0,0.0,,,,,6.0,
2024-04-29 11:20:00,,,,,,,,,,,,,7.0,
2024-04-29 11:30:00,7.166625,384.4008,90.384,33.075,61.33577,33241.48,0.0,0.0,,,,,7.0,
2024-04-29 12:00:00,7.221541,383.685,92.39999,33.01875,64.46919,35118.31,0.0,0.0,,,,,7.0,
2024-04-29 12:20:00,,,,,,,,,,,,,8.0,
2024-04-29 12:30:00,7.351195,383.5749,94.416,33.24375,60.2061,35509.68,0.0,0.0,,,,,8.0,
2024-04-29 13:00:00,7.486073,383.9603,96.43201,33.075,60.86721,36460.89,0.0,0.0,,,,,8.0,
2024-04-29 13:20:00,,,,,,,,,,,,,9.0,
2024-04-29 13:30:00,7.618783,384.511,96.43201,33.0,61.4178,36254.32,0.0,0.0,,,,,9.0,
2024-04-29 14:00:00,7.69139,382.5287,96.43201,33.09375,60.29345,36979.83,0.0,0.0,,,,,9.0,
2024-04-29 14:20:00,,,,,,,,,,,,,10.0,
2024-04-29 14:30:00,7.60814,387.5394,96.43201,33.0,52.72069,37912.28,224.2504,600.0,,,,,10.0,
2024-04-29 15:00:00,7.597197,389.5216,96.43201,33.1125,52.3601,37179.77,509.826,600.0,,,,,10.0,
2024-04-29 15:20:00,,,,,,,,,,,,,11.0,
2024-04-29 15:30:00,7.745984,389.3014,96.43201,33.01875,43.2915,36662.18,802.8348,600.0,,,,,11.0,
2024-04-29 16:00:00,7.723326,388.8609,96.43201,33.1125,45.84769,37196.42,1101.435,600.0,,,,,11.0,
2024-04-29 16:20:00,,,,,,,,,,,,,12.0,
2024-04-29 16:30:00,7.71223,388.0349,96.43201,33.09375,41.28513,36697.69,1402.046,600.0,,,,,12.0,
2024-04-29 17:00:00,7.70894,388.916,96.43201,33.05625,42.65145,36544.99,1701.158,600.0,,,,,12.0,
2024-04-29 17:20:00,,,,,,,,,,,,,13.0,
2024-04-29 17:30:00,7.726414,389.3014,96.43201,33.01875,46.17687,36458.14,2023.502,700.0,,,,,13.0,
2024-04-29 18:00:00,7.713646,388.0349,96.43201,33.075,42.99614,36877.55,2360.547,700.0,,,,,13.0,
2024-04-29 18:20:00,,,,,,,,,,,,,14.0,
2024-04-29 18:30:00,7.714665,388.7507,96.43201,33.13125,36.81944,37271.98,2730.813,800.0,,,,,14.0,
2024-04-29 19:00:00,7.736765,388.0349,96.43201,33.01875,36.61287,37204.13,3125.912,800.0,,,,,14.0,
2024-04-29 19:20:00,,,,,,,,,,,,,15.0,
2024-04-29 19:30:00,7.722094,388.0349,96.43201,33.075,35.91048,36941.5,3544.04,900.0,,,,,15.0,
2024-04-29 20:00:00,7.695175,389.3014,96.43201,33.01875,36.99959,37237.77,3994.504,900.0,,,,,15.0,
2024-04-29 20:20:00,,,,,,,,,,,,,16.0,
2024-04-29 20:30:00,7.696019,388.2001,96.43201,33.075,32.76719,36541.52,4458.109,1000.0,,,,,16.0,
2024-04-29 21:00:00,7.68047,388.5856,96.43201,33.075,29.52123,36579.66,4957.283,1000.0,,,,,16.0,
2024-04-29 21:20:00,,,,,,,,,,,,,17.0,
2024-04-29 21:30:00,7.682935,389.0811,96.43201,33.075,29.93045,37209.98,5464.045,1050.0,,,,,17.0,
2024-04-29 22:00:00,7.683197,387.3191,96.43201,33.09375,29.28324,39027.02,5987.715,1050.0,,,,,17.0,
2024-04-29 22:20:00,,,,,,,,,66.0,78.0,,,18.0,
2024-04-29 22:30:00,7.66845,387.4843,96.43201,33.05625,29.3635,39147.52,6526.782,1150.0,,,,,18.0,
2024-04-29 23:00:00,7.614141,388.4755,96.43201,33.09375,30.2984,39985.65,7100.993,1150.0,,,,,18.0,
2024-04-29 23:20:00,,,,,,,,,,,,,19.0,
2024-04-29 23:30:00,7.641106,389.3014,96.43201,33.05625,26.29035,39825.14,7695.978,1200.0,,,,,19.0,
2024-04-30 00:00:00,7.641402,387.4843,96.43201,33.075,26.49511,39464.22,8298.281,1200.0,,,,,19.0,
2024-04-30 00:20:00,,,,,,,,,,,,,20.0,
2024-04-30 00:30:00,7.619321,387.8698,96.43201,33.0375,23.70791,39277.15,8896.332,1200.0,,,,,20.0,
2024-04-30 01:00:00,7.601149,388.916,96.43201,33.075,23.3859,39396.37,9493.74,1200.0,,,,,20.0,
2024-04-30 01:20:00,,,,,,,,,,,,,21.0,
2024-04-30 01:30:00,7.611456,390.0172,96.43201,33.0,25.96809,39476.32,10106.05,1200.0,,,,,21.0,
2024-04-30 02:00:00,7.589378,389.1362,96.43201,33.075,24.25367,39772.32,10699.68,1200.0,,,,,21.0,
2024-04-30 02:20:00,,,,,,,,,,,,,22.0,
2024-04-30 02:30:00,7.563794,390.2374,96.43201,32.475,23.33698,39595.57,11264.35,1150.0,,,,,22.0,
2024-04-30 03:00:00,7.562865,389.852,96.43201,32.7,25.89795,39328.32,11839.84,1150.0,,,,,22.0,
2024-04-30 03:20:00,,,,,,,,,,,,,23.0,
2024-04-30 03:30:00,7.540262,388.8609,96.43201,32.56875,24.21138,38638.77,12413.17,1150.0,,,,,23.0,
2024-04-30 04:00:00,7.516683,389.6317,96.43201,32.55,25.70849,38991.25,12993.09,1150.0,,,,,23.0,
2024-04-30 04:20:00,,,,,,,,,,,,,24.0,
2024-04-30 04:30:00,7.516683,389.0811,96.43201,31.89375,27.30424,39823.51,13552.48,1100.0,,,,,24.0,
2024-04-30 05:00:00,7.493396,389.2463,96.43201,32.1375,24.37676,39297.47,14102.94,1100.0,,,,,24.0,
2024-04-30 05:20:00,,,,,,,,,,,,,25.0,
2024-04-30 05:30:00,7.477155,390.0723,96.43201,32.0625,25.05858,39167.18,14637.92,1100.0,,,,,25.0,
2024-04-30 06:00:00,7.465474,390.7881,96.43201,31.9875,27.07761,39314.44,15184.67,1100.0,,,,,25.0,
2024-04-30 06:20:00,,,,,,,,,,,,,26.0,
2024-04-30 06:30:00,7.455884,390.6229,96.43201,32.08125,26.57432,39758.68,15734.56,1100.0,,,,,26.0,
2024-04-30 07:00:00,7.432698,390.0723,96.43201,32.1,25.25566,39999.0,16284.36,1100.0,,,,,26.0,
2024-04-30 07:20:00,,,,,,,,,,,,,27.0,
2024-04-30 07:30:00,7.438889,390.2925,96.43201,32.025,26.73642,39665.73,16812.55,1100.0,,,,,27.0,
2024-04-30 08:00:00,7.417938,391.1184,96.43201,32.025,24.22134,39468.81,17378.32,1130.0,,,,,27.0,
2024-04-30 08:20:00,,,,,,,,,,,,,28.0,
2024-04-30 08:30:00,7.395234,390.6779,96.43201,31.36875,23.41724,39862.9,17929.02,1100.0,,,,,28.0,
2024-04-30 09:00:00,7.384595,390.9532,96.43201,31.59375,27.08858,39329.94,18478.98,1125.0,,,,,28.0,
2024-04-30 09:20:00,,,,,,,,,70.0,139.0,,,29.0,
2024-04-30 09:30:00,7.361675,391.2836,96.43201,31.66875,22.74518,39545.18,19040.83,1125.0,,,,,29.0,
2024-04-30 10:00:00,7.336305,391.1184,96.43201,31.55625,24.59699,39761.13,19603.23,1125.0,,,,,29.0,
2024-04-30 10:20:00,,,,,,,,,,,,,30.0,
2024-04-30 10:30:00,7.324977,391.2285,96.43201,31.575,26.52461,39082.8,20165.02,1125.0,,,,,30.0,
2024-04-30 11:00:00,7.311193,392.0545,96.43201,31.6125,24.53535,39999.0,20712.91,1125.0,,,,,30.0,
2024-04-30 11:20:00,,,,,,,,,,,,,31.0,
2024-04-30 11:30:00,7.2796,391.7242,96.43201,31.59375,20.06334,39613.71,21269.15,1125.0,,,,,31.0,
2024-04-30 12:00:00,7.254321,390.4026,96.43201,31.59375,24.75137,39658.73,21820.05,1100.0,,,,,31.0,
2024-04-30 12:20:00,,,,,,,,,,,,,32.0,
2024-04-30 12:30:00,7.229773,392.9355,96.43201,31.63125,21.51832,39935.6,22369.92,1100.0,,,,,32.0,
2024-04-30 13:00:00,7.220446,392.0545,96.43201,31.55625,19.74149,38675.44,22912.73,1000.0,,,,,32.0,
2024-04-30 13:20:00,,,,,,,,,,,,,33.0,
2024-04-30 13:30:00,7.220446,392.7703,96.43201,31.25625,27.99848,39429.21,23415.79,1025.0,,,,,33.0,
2024-04-30 14:00:00,7.196442,392.9355,96.43201,31.4625,26.2767,39558.71,23926.24,1025.0,,,,,33.0,
2024-04-30 14:20:00,,,,,,,,,,,,,34.0,
2024-04-30 14:30:00,7.172091,393.2659,96.43201,31.40625,22.36174,39176.81,24427.86,1025.0,,,,,34.0,
2024-04-30 15:00:00,7.169231,393.7064,96.43201,31.425,25.46769,39335.29,24935.61,1000.0,,,,,34.0,
2024-04-30 15:20:00,,,,,,,,,,,,,35.0,
2024-04-30 15:30:00,7.169231,394.6975,96.43201,31.44375,24.75754,39005.05,25436.09,1000.0,,,,,35.0,
2024-04-30 16:00:00,7.169258,394.2019,96.43201,31.35,22.75819,39225.21,25935.13,1000.0,,,,,35.0,
2024-04-30 16:20:00,,,,,,,,,,,,,36.0,
2024-04-30 16:30:00,7.158889,392.9355,96.43201,31.35,21.33041,39218.34,26434.56,1000.0,,,,,36.0,
2024-04-30 17:00:00,7.109459,394.4772,96.43201,31.14375,21.74402,38939.66,26909.72,900.0,,,,,36.0,
2024-04-30 17:20:00,,,,,,,,,,,,,37.0,
2024-04-30 17:30:00,7.144909,395.2481,96.43201,30.88125,26.59951,39413.23,27344.76,950.0,,,,,37.0,
2024-04-30 18:00:00,7.144909,394.5323,96.43201,31.29375,19.84003,39967.81,27800.63,900.0,,,,,37.0,
2024-04-30 18:20:00,,,,,,,,,,,,,38.0,
2024-04-30 18:30:00,7.157706,394.6975,96.43201,30.91875,23.82137,39848.27,28258.05,950.0,,,,,38.0,
2024-04-30 19:00:00,7.168707,395.9639,96.43201,31.0875,21.05604,39973.32,28733.26,950.0,,,,,38.0,
2024-04-30 19:20:00,,,,,,,,,,,,,39.0,
2024-04-30 19:30:00,7.156066,396.7899,96.43201,31.0875,25.02578,39700.95,29208.0,950.0,,,,,39.0,
2024-04-30 20:00:00,7.144007,396.019,96.43201,31.0875,26.52151,39999.0,29682.82,950.0,,,,,39.0,
2024-04-30 20:20:00,,,,,,,,,,,,,40.0,
2024-04-30 20:30:00,7.155998,396.9,96.43201,31.0875,27.85535,39701.32,30153.85,980.0,,,,,40.0,
2024-04-30 21:00:00,7.142387,396.5696,96.43201,31.0875,25.9189,38915.68,30649.6,1000.0,,,,,40.0,
2024-04-30 21:20:00,,,,,,,,,70.0,350.0,1966.0,,41.0,
2024-04-30 21:30:00,7.145445,395.2481,96.43201,31.06875,26.95427,39541.75,31155.93,1000.0,,,,,41.0,
2024-04-30 22:00:00,7.122443,395.4684,96.43201,31.06875,25.2556,39986.18,31655.58,1000.0,,,,,41.0,
2024-04-30 22:20:00,,,,,,,,,,,,,42.0,
2024-04-30 22:30:00,7.13259,396.4595,96.43201,31.0875,28.86282,39009.84,32118.41,950.0,,,,,42.0,
2024-04-30 23:00:00,7.111526,397.5057,96.43201,31.05,29.0487,39543.27,32616.86,1000.0,,,,,42.0,
2024-04-30 23:20:00,,,,,,,,,,,,,43.0,
2024-04-30 23:30:00,7.099539,396.7348,96.43201,31.06875,29.09989,39788.48,33097.0,1000.0,,,,,43.0,
2024-05-01 00:00:00,7.096195,396.9551,96.43201,31.0125,29.614,39563.21,33617.08,1000.0,,,,,43.0,
2024-05-01 00:20:00,,,,,,,,,,,,,44.0,
2024-05-01 00:30:00,7.085473,396.9551,96.43201,31.29375,31.01265,38765.53,34095.48,1000.0,,,,,44.0,
2024-05-01 01:00:00,7.081748,395.0279,96.43201,31.3125,30.33458,39999.0,34584.25,1000.0,,,,,44.0,
2024-05-01 01:20:00,,,,,,,,,,,,,45.0,
2024-05-01 01:30:00,7.081748,397.3956,96.43201,31.33125,30.69387,39796.63,35094.29,1000.0,,,,,45.0,
2024-05-01 02:00:00,7.057552,397.5057,96.43201,31.63125,26.69291,39352.61,35594.73,1000.0,,,,,45.0,
2024-05-01 02:20:00,,,,,,,,,,,,,46.0,
2024-05-01 02:30:00,7.068428,398.0013,96.43201,31.51875,30.06294,39825.05,36092.16,1000.0,,,,,46.0,
2024-05-01 03:00:00,7.070717,398.1114,96.43201,31.66875,29.94666,39859.48,36580.02,1000.0,,,,,46.0,
2024-05-01 03:20:00,,,,,,,,,,,,,47.0,
2024-05-01 03:30:00,7.070403,396.6797,96.43201,31.6125,30.07424,39752.86,37079.79,1000.0,,,,,47.0,
2024-05-01 04:00:00,7.070403,397.0101,96.43201,32.71875,25.43997,39238.38,37579.39,1000.0,,,,,47.0,
2024-05-01 04:20:00,,,,,,,,,,,,,48.0,
2024-05-01 04:30:00,7.081507,397.8361,96.43201,32.49375,28.51343,39331.43,38079.16,1000.0,,,,,48.0,
2024-05-01 05:00:00,7.059602,397.4506,96.43201,32.5125,30.15044,39945.47,38578.61,1000.0,,,,,48.0,
2024-05-01 05:20:00,,,,,,,,,,,,,49.0,
2024-05-01 05:30:00,7.079189,398.662,96.43201,32.64375,27.96058,39692.26,39091.02,1050.0,,,,,49.0,
2024-05-01 06:00:00,7.079189,398.8822,96.43201,32.625,28.81916,39282.69,39600.11,1050.0,,,,,49.0,
2024-05-01 06:20:00,,,,,,,,,,,,,50.0,
2024-05-01 06:30:00,7.065067,398.1664,96.43201,32.925,25.70503,39096.82,40123.39,1050.0,,,,,50.0,
2024-05-01 07:00:00,7.077351,399.0475,96.43201,32.775,32.06272,39920.61,40648.29,1050.0,,,,,50.0,
2024-05-01 07:20:00,,,,,,,,,,,,,51.0,
2024-05-01 07:30:00,7.087865,398.3867,96.43201,32.7375,29.18766,39842.39,41178.59,1050.0,,,,,51.0,
2024-05-01 08:00:00,7.076412,400.0936,96.43201,33.3,33.58691,39792.77,41700.9,1050.0,,,,,51.0,
2024-05-01 08:20:00,,,,,,,,,,,,,52.0,
2024-05-01 08:30:00,7.066141,400.0936,96.43201,33.09375,28.73084,39768.86,42224.27,1050.0,,,,,52.0,
2024-05-01 09:00:00,7.061953,400.3689,96.43201,33.01875,32.90818,38815.45,42735.34,1050.0,,,,,52.0,
2024-05-01 09:20:00,,,,,,,,,68.0,207.0,2906.0,2335.0,53.0,
2024-05-01 09:30:00,7.040465,401.8556,96.43201,33.075,30.69663,38178.43,43258.66,1050.0,,,,,53.0,
2024-05-01 10:00:00,7.027685,400.9196,96.43201,33.0375,26.99975,39046.61,43784.45,1050.0,,,,,53.0,
2024-05-01 10:20:00,,,,,,,,,,,,,54.0,
2024-05-01 10:30:00,7.039887,400.0385,96.43201,33.05625,32.66715,39063.85,44308.8,1050.0,,,,,54.0,
2024-05-01 11:00:00,7.030041,400.7544,96.43201,33.075,30.79927,38383.02,44833.75,1050.0,,,,,54.0,
2024-05-01 11:20:00,,,,,,,,,,,,,55.0,
2024-05-01 11:30:00,7.044594,401.1949,96.43201,33.0375,36.91764,38050.75,45358.55,1050.0,,,,,55.0,
2024-05-01 12:00:00,7.055418,401.6354,96.43201,33.05625,40.68708,38403.99,45867.99,1050.0,,,,,55.0,
2024-05-01 12:20:00,,,,,,,,,,,,,56.0,
2024-05-01 12:30:00,7.045034,401.1398,96.43201,33.09375,36.90369,38683.73,46390.47,1050.0,,,,,56.0,
2024-05-01 13:00:00,7.058955,403.3423,96.43201,33.075,42.11274,39154.63,46915.54,1050.0,,,,,56.0,
2024-05-01 13:20:00,,,,,,,,,,,,,57.0,
2024-05-01 13:30:00,7.057275,403.2322,96.43201,33.05625,41.25204,38546.5,47440.84,1050.0,,,,,57.0,
2024-05-01 14:00:00,7.045386,402.186,96.43201,33.05625,42.62805,37923.12,47964.16,1050.0,,,,,57.0,
2024-05-01 14:20:00,,,,,,,,,,,,,58.0,
2024-05-01 14:30:00,7.091154,403.0119,96.43201,33.0375,49.6493,38323.86,48494.61,1050.0,,,,,58.0,
2024-05-01 15:00:00,7.084854,403.1221,96.43201,33.01875,46.27169,39103.29,49010.57,1050.0,,,,,58.0,
2024-05-01 15:20:00,,,,,,,,,,,,,59.0,
2024-05-01 15:30:00,7.084854,402.3512,96.43201,33.01875,47.50715,38495.79,49525.39,1050.0,,,,,59.0,
2024-05-01 16:00:00,7.082322,403.6176,95.424,33.01875,46.72361,38267.64,50048.71,1050.0,,,,,59.0,
2024-05-01 16:20:00,,,,,,,,,,,,,60.0,
2024-05-01 16:30:00,7.082322,403.5626,95.424,33.075,52.84719,38411.36,50574.88,1050.0,,,,,60.0,
2024-05-01 17:00:00,7.083165,403.6176,95.424,33.0375,48.0049,38428.42,51099.73,1050.0,,,,,60.0,
2024-05-01 17:20:00,,,,,,,,,,,,,61.0,
2024-05-01 17:30:00,7.080492,403.6176,95.424,33.09375,50.03662,38086.66,51625.15,1050.0,,,,,61.0,
2024-05-01 18:00:00,7.072789,403.5626,95.424,33.09375,45.47726,37714.35,52145.71,1050.0,,,,,61.0,
2024-05-01 18:20:00,,,,,,,,,,,,,62.0,
2024-05-01 18:30:00,7.062249,403.8379,95.424,33.01875,49.98328,38475.58,52656.57,1050.0,,,,,62.0,
2024-05-01 19:00:00,7.063453,405.71,95.424,33.01875,51.4205,37968.99,53181.96,1050.0,,,,,62.0,
2024-05-01 19:20:00,,,,,,,,,,,,,63.0,
2024-05-01 19:30:00,6.954406,416.4472,95.424,33.09375,46.36463,38494.89,53512.68,1050.0,,,,,63.0,
2024-05-01 20:00:00,6.999929,416.5023,95.424,33.0375,51.77427,37735.84,54036.16,1050.0,,,,,63.0,
2024-05-01 20:20:00,,,,,,,,,,,,,64.0,
2024-05-01 20:30:00,7.035706,416.6674,95.424,33.0375,44.50008,37407.33,54550.76,1050.0,,,,,64.0,
2024-05-01 21:00:00,7.089692,416.282,95.424,33.05625,55.96654,36956.54,55070.5,1050.0,,,,,64.0,
2024-05-01 21:20:00,,,,,,,,,68.0,83.0,3881.0,,65.0,
2024-05-01 21:30:00,7.114608,416.2269,95.424,33.1125,53.25736,37947.14,55594.46,1050.0,,,,,65.0,
2024-05-01 22:00:00,7.114608,416.5023,95.424,33.0,53.30342,36971.59,56119.28,1050.0,,,,,65.0,
2024-05-01 22:20:00,,,,,,,,,,,,,66.0,
2024-05-01 22:30:00,7.098173,417.0529,95.424,33.0375,51.62871,37443.28,56642.81,1050.0,,,,,66.0,
2024-05-01 23:00:00,7.098427,415.8965,95.424,33.0,57.65673,37592.76,57168.37,1050.0,,,,,66.0,
2024-05-01 23:20:00,,,,,,,,,,,,,67.0,
2024-05-01 23:30:00,7.124572,417.4383,94.392,32.41875,59.55182,37400.09,57684.16,1050.0,,,,,67.0,
2024-05-02 00:00:00,7.084434,416.3921,94.392,32.75625,56.56118,36765.0,58207.91,1050.0,,,,,67.0,
2024-05-02 00:20:00,,,,,,,,,,,,,68.0,
2024-05-02 00:30:00,7.082722,416.4472,93.36,32.4375,53.73483,35852.52,58732.75,1050.0,,,,,68.0,
2024-05-02 01:00:00,7.072522,415.8965,93.36,32.5875,54.76894,35704.0,59256.89,1050.0,,,,,68.0,
2024-05-02 01:20:00,,,,,,,,,,,,,69.0,
2024-05-02 01:30:00,7.07875,416.8877,93.36,32.55,59.03546,35242.5,59782.49,1050.0,,,,,69.0,
2024-05-02 02:00:00,7.071699,417.2731,93.36,32.475,58.7234,35909.9,60306.44,1050.0,,,,,69.0,
2024-05-02 02:20:00,,,,,,,,,,,,,70.0,
2024-05-02 02:30:00,7.07651,416.7225,93.36,32.5875,54.45486,36803.13,60811.97,1050.0,,,,,70.0,
2024-05-02 03:00:00,7.066527,416.9978,93.36,32.56875,59.81415,36612.36,61322.36,1050.0,,,,,70.0,
2024-05-02 03:20:00,,,,,,,,,,,,,71.0,
2024-05-02 03:30:00,7.069707,417.3832,93.36,32.49375,61.12047,36786.25,61846.45,1050.0,,,,,71.0,
2024-05-02 04:00:00,7.056651,417.1079,93.36,32.55,58.87004,36169.82,62380.66,1050.0,,,,,71.0,
2024-05-02 04:20:00,,,,,,,,,,,,,72.0,
2024-05-02 04:30:00,7.056651,417.8788,93.36,32.55,60.05697,37319.11,62909.77,1050.0,,,,,72.0,
2024-05-02 05:00:00,7.055339,417.5484,93.36,32.64375,60.77935,36185.28,63435.23,1050.0,,,,,72.0,
2024-05-02 05:20:00,,,,,,,,,,,,,73.0,
2024-05-02 05:30:00,7.0537,418.8149,93.36,32.55,55.04794,36478.55,63957.25,1050.0,,,,,73.0,
2024-05-02 06:00:00,7.05114,418.4845,93.36,32.45625,61.6162,36785.99,64467.84,1050.0,,,,,73.0,
2024-05-02 06:20:00,,,,,,,,,,,,,74.0,
2024-05-02 06:30:00,7.037122,419.4206,93.36,32.55,59.35606,36965.09,64990.79,1050.0,,,,,74.0,
2024-05-02 07:00:00,7.038723,416.9978,93.36,32.55,64.08434,36333.83,65515.96,1050.0,,,,,74.0,
2024-05-02 07:20:00,,,,,,,,,,,,,75.0,
2024-05-02 07:30:00,7.03748,417.8238,93.36,32.49375,63.66528,36490.74,66040.45,1050.0,,,,,75.0,
2024-05-02 08:00:00,7.032481,417.5484,93.36,32.45625,63.23253,36832.16,66565.94,1050.0,,,,,75.0,
2024-05-02 08:20:00,,,,,,,,,,,,,76.0,
2024-05-02 08:30:00,7.048766,420.0813,93.36,32.625,59.51279,36231.43,67082.19,1050.0,,,,,76.0,
2024-05-02 09:00:00,7.03942,418.6497,93.36,31.8375,66.25828,37124.84,67605.67,1050.0,,,,,76.0,
2024-05-02 09:20:00,,,,,,,,,74.0,66.0,4752.0,3931.0,77.0,
2024-05-02 09:30:00,7.034609,418.8149,93.36,32.0625,62.55271,36476.86,68129.88,1050.0,,,,,77.0,
2024-05-02 10:00:00,7.024853,418.1541,93.36,32.175,63.85281,37085.47,68654.81,1050.0,,,,,77.0,
2024-05-02 10:20:00,,,,,,,,,,,,,78.0,
2024-05-02 10:30:00,7.025856,419.4756,93.36,31.9875,65.65474,37132.63,69179.85,1050.0,,,,,78.0,
2024-05-02 11:00:00,7.011798,420.0813,93.36,32.1375,57.47741,36744.16,69704.2,1050.0,,,,,78.0,
2024-05-02 11:20:00,,,,,,,,,,,,,79.0,
2024-05-02 11:30:00,7.015817,420.3015,93.36,32.11875,58.7404,36713.85,70227.19,1050.0,,,,,79.0,
2024-05-02 12:00:00,7.017503,421.1826,93.36,32.0625,61.10095,35188.89,70731.91,1050.0,,,,,79.0,
2024-05-02 12:20:00,,,,,,,,,,,,,80.0,
2024-05-02 12:30:00,7.007574,422.0085,93.36,32.11875,61.35217,34970.14,71258.01,1050.0,,,,,80.0,
2024-05-02 13:00:00,7.004236,420.3015,93.36,32.04375,56.78338,36660.55,71780.92,1050.0,,,,,80.0,
2024-05-02 13:20:00,,,,,,,,,,,,,81.0,
2024-05-02 13:30:00,7.003787,421.568,93.36,32.0625,58.54558,36138.79,72305.42,1050.0,,,,,81.0,
2024-05-02 14:00:00,7.013973,421.5129,93.36,32.0625,67.20212,35197.35,72832.09,1050.0,,,,,81.0,
2024-05-02 14:20:00,,,,,,,,,,,,,82.0,
2024-05-02 14:30:00,6.988175,421.7332,93.36,32.15625,54.3596,34823.24,73355.05,1050.0,,,,,82.0,
2024-05-02 15:00:00,7.002976,420.3566,93.36,32.1,60.65247,36146.98,73874.69,1050.0,,,,,82.0,
2024-05-02 15:20:00,,,,,,,,,,,,,83.0,
2024-05-02 15:30:00,7.002044,422.3939,92.39999,32.04375,65.19435,35790.84,74388.12,1050.0,,,,,83.0,
2024-05-02 16:00:00,6.991373,421.1275,92.39999,32.1375,62.29237,35084.07,74912.37,1050.0,,,,,83.0,
2024-05-02 16:20:00,,,,,,,,,,,,,84.0,
2024-05-02 16:30:00,6.992147,422.0636,92.39999,32.0625,55.92088,35840.85,75420.27,1000.0,,,,,84.0,
2024-05-02 17:00:00,6.991828,422.8895,92.39999,32.11875,60.18909,35549.79,75920.85,1000.0,,,,,84.0,
2024-05-02 17:20:00,,,,,,,,,,,,,85.0,
2024-05-02 17:30:00,7.024733,422.6142,92.39999,32.1,59.38907,35435.48,76419.09,1000.0,,,,,85.0,
2024-05-02 18:00:00,7.005112,425.092,92.39999,32.11875,59.57113,35674.43,76923.1,1000.0,,,,,85.0,
2024-05-02 18:20:00,,,,,,,,,,,,,86.0,
2024-05-02 18:30:00,6.987952,422.5041,92.39999,32.00625,59.90305,35684.71,77406.85,1000.0,,,,,86.0,
2024-05-02 19:00:00,6.989341,422.9996,92.39999,32.0625,56.03167,34523.79,77886.2,950.0,,,,,86.0,
2024-05-02 19:20:00,,,,,,,,,,,,,87.0,
2024-05-02 19:30:00,6.994287,422.5041,92.39999,32.0625,65.55431,35372.64,78362.72,950.0,,,,,87.0,
2024-05-02 20:00:00,6.987604,424.1009,92.39999,32.0625,62.59621,35680.29,78836.02,950.0,,,,,87.0,
2024-05-02 20:20:00,,,,,,,,,,,,,88.0,
2024-05-02 20:30:00,6.987769,425.3673,92.39999,32.04375,64.78158,35277.94,79310.81,950.0,,,,,88.0,
2024-05-02 21:00:00,6.97838,424.7066,92.39999,32.15625,65.43353,35136.54,79786.29,950.0,,,,,88.0,
2024-05-02 21:20:00,,,,,,,,,74.0,46.0,5737.0,,89.0,
2024-05-02 21:30:00,6.980555,424.7616,92.39999,32.04375,64.33925,35973.47,80250.51,950.0,,,,,89.0,
2024-05-02 22:00:00,6.9729,424.9268,92.39999,32.1375,62.0607,35669.38,80720.76,950.0,,,,,89.0,
2024-05-02 22:20:00,,,,,,,,,,,,,90.0,
2024-05-02 22:30:00,6.962772,424.9268,92.39999,32.00625,63.35098,36232.87,81192.59,950.0,,,,,90.0,
2024-05-02 23:00:00,6.941709,424.8167,91.344,32.1375,63.64781,35767.91,81690.22,950.0,,,,,90.0,
2024-05-02 23:20:00,,,,,,,,,,,,,91.0,
2024-05-02 23:30:00,6.90517,425.0369,91.344,32.04375,57.03208,35228.65,82201.8,950.0,,,,,91.0,
2024-05-03 00:00:00,6.9008,425.5876,91.344,32.0625,55.39262,35033.16,82738.36,950.0,,,,,91.0,
2024-05-03 00:20:00,,,,,,,,,,,,,92.0,
2024-05-03 00:30:00,6.991138,424.5414,91.344,32.0625,64.05834,34725.04,83232.96,950.0,,,,,92.0,
2024-05-03 01:00:00,6.956409,425.2572,91.344,32.04375,61.04548,34700.98,83752.67,950.0,,,,,92.0,
2024-05-03 01:20:00,,,,,,,,,,,,,93.0,
2024-05-03 01:30:00,6.954834,425.4774,91.344,32.11875,65.89181,35730.9,84227.23,950.0,,,,,93.0,
2024-05-03 02:00:00,6.982531,425.8629,91.344,32.08125,64.34637,35376.38,84702.11,950.0,,,,,93.0,
2024-05-03 02:20:00,,,,,,,,,,,,,94.0,
2024-05-03 02:30:00,6.984926,425.7527,91.344,32.175,67.33523,35003.8,85163.79,950.0,,,,,94.0,
2024-05-03 03:00:00,7.013084,426.3584,91.344,32.0625,68.2681,35465.21,85626.3,950.0,,,,,94.0,
2024-05-03 03:20:00,,,,,,,,,,,,,95.0,
2024-05-03 03:30:00,6.995513,426.6888,91.344,32.04375,67.95909,34982.75,86101.05,950.0,,,,,95.0,
2024-05-03 04:00:00,6.908926,429.7723,90.372,32.19375,64.34801,35088.93,86388.09,950.0,,,,,95.0,
2024-05-03 04:20:00,,,,,,,,,,,,,96.0,
2024-05-03 04:30:00,6.909243,424.3211,90.372,32.00625,59.21325,35257.88,86802.55,950.0,,,,,96.0,
2024-05-03 05:00:00,6.969477,424.7616,90.372,32.11875,66.33498,34125.27,87307.92,950.0,,,,,96.0,
2024-05-03 05:20:00,,,,,,,,,,,,,97.0,
2024-05-03 05:30:00,6.983596,424.7066,90.372,32.11875,66.23885,34587.11,87824.56,950.0,,,,,97.0,
2024-05-03 06:00:00,7.008594,426.7439,90.372,32.0625,63.47929,34967.11,88300.54,950.0,,,,,97.0,
2024-05-03 06:20:00,,,,,,,,,,,,,98.0,
2024-05-03 06:30:00,6.994475,424.7066,90.372,32.15625,67.73184,35553.89,88767.16,950.0,,,,,98.0,
2024-05-03 07:00:00,6.994038,425.6426,90.372,31.96875,66.34141,34783.47,89252.05,950.0,,,,,98.0,
2024-05-03 07:20:00,,,,,,,,,,,,,99.0,
2024-05-03 07:30:00,6.977985,425.092,90.372,32.1,64.95901,34761.48,89724.3,950.0,,,,,99.0,
2024-05-03 08:00:00,7.00208,425.6426,90.372,32.0625,64.67181,35050.77,90190.3,950.0,,,,,99.0,
2024-05-03 08:20:00,,,,,,,,,,,,,100.0,
2024-05-03 08:30:00,7.012781,424.9819,90.372,32.04375,68.89552,34983.96,90662.67,950.0,,,,,100.0,
2024-05-03 09:00:00,6.989574,426.1382,90.372,32.0625,66.17839,34611.89,91138.87,950.0,,,,,100.0,
2024-05-03 09:20:00,,,,,,,,,76.0,54.0,6717.0,5609.0,101.0,
2024-05-03 09:30:00,6.997355,425.2021,89.364,32.00625,66.91361,33929.26,91615.49,950.0,,,,,101.0,
2024-05-03 10:00:00,6.986382,427.735,89.364,32.08125,69.24743,34952.16,92087.27,950.0,,,,,101.0,
2024-05-03 10:20:00,,,,,,,,,,,,,102.0,
2024-05-03 10:30:00,6.984305,426.6338,89.364,31.96875,68.56866,33745.9,92561.57,950.0,,,,,102.0,
2024-05-03 11:00:00,6.994892,426.3034,89.364,32.1,57.93914,34537.95,93000.09,900.0,,,,,102.0,
2024-05-03 11:20:00,,,,,,,,,,,,,103.0,
2024-05-03 11:30:00,6.994892,426.2483,89.364,32.025,64.11565,34642.18,93448.05,900.0,,,,,103.0,
2024-05-03 12:00:00,6.994892,428.3958,89.364,31.96875,73.1849,35012.6,93898.47,900.0,,,,,103.0,
2024-05-03 12:20:00,,,,,,,,,,,,,104.0,
2024-05-03 12:30:00,6.992112,426.7989,89.364,32.1375,70.97207,34088.18,94357.48,900.0,,,,,104.0,
2024-05-03 13:00:00,7.005789,426.9091,89.364,31.9875,70.34413,35578.59,94806.12,900.0,,,,,104.0,
2024-05-03 13:20:00,,,,,,,,,,,,,105.0,
2024-05-03 13:30:00,7.003617,427.9553,89.364,32.1,71.95155,34215.88,95255.63,900.0,,,,,105.0,
2024-05-03 14:00:00,7.016951,428.6711,89.364,32.025,74.2195,34433.51,95693.28,900.0,,,,,105.0,
2024-05-03 14:20:00,,,,,,,,,,,,,106.0,
2024-05-03 14:30:00,7.005754,428.3958,89.364,32.08125,69.0415,34880.03,96137.35,900.0,,,,,106.0,
2024-05-03 15:00:00,6.988031,427.7901,87.336,32.04375,67.52758,34346.93,96587.62,900.0,,,,,106.0,
2024-05-03 15:20:00,,,,,,,,,,,,,107.0,
2024-05-03 15:30:00,6.989082,426.5787,87.336,32.0625,64.88074,32767.2,97015.23,850.0,,,,,107.0,
2024-05-03 16:00:00,6.993358,429.2767,87.336,32.0625,65.37323,35354.65,97432.13,850.0,,,,,107.0,
2024-05-03 16:20:00,,,,,,,,,,,,,108.0,
2024-05-03 16:30:00,6.981534,427.0192,87.336,32.0625,67.98991,33726.65,97867.62,850.0,,,,,108.0,
2024-05-03 17:00:00,6.981003,425.8078,87.336,32.04375,61.78633,33079.56,98279.38,850.0,,,,,108.0,
2024-05-03 17:20:00,,,,,,,,,,,,,109.0,
2024-05-03 17:30:00,6.982257,427.5147,87.336,32.0625,61.58032,33864.84,98692.16,850.0,,,,,109.0,
2024-05-03 18:00:00,6.98643,427.7901,87.336,32.04375,70.81018,34636.14,99116.7,850.0,,,,,109.0,
2024-05-03 18:20:00,,,,,,,,,,,,,110.0,
2024-05-03 18:30:00,6.98643,427.1844,87.336,32.04375,61.63268,33826.64,99541.23,850.0,,,,,110.0,
2024-05-03 19:00:00,6.985855,428.6711,87.336,32.11875,71.96341,34059.33,99966.1,850.0,,,,,110.0,
2024-05-03 19:20:00,,,,,,,,,,,,,111.0,
2024-05-03 19:30:00,6.974726,428.3958,87.336,32.04375,66.75384,33514.8,100390.3,850.0,,,,,111.0,
2024-05-03 20:00:00,6.974424,427.4597,86.328,32.1,64.77854,33700.12,100821.4,850.0,,,,,111.0,
2024-05-03 20:20:00,,,,,,,,,,,,,112.0,
2024-05-03 20:30:00,6.962358,426.5237,86.328,32.08125,66.82483,33862.83,101236.0,850.0,,,,,112.0,
2024-05-03 21:00:00,6.962358,429.2217,86.328,32.025,63.85814,33664.75,101660.9,850.0,,,,,112.0,
2024-05-03 21:20:00,,,,,,,,,78.0,47.0,7442.0,,113.0,
2024-05-03 21:30:00,6.973124,421.2927,86.328,32.00625,63.72565,33970.54,102095.4,850.0,,,,,113.0,
2024-05-03 22:00:00,6.973259,421.623,86.328,32.0625,68.29984,33522.68,102516.1,850.0,,,,,113.0,
2024-05-03 22:20:00,,,,,,,,,,,,,114.0,
2024-05-03 22:30:00,6.963029,421.4028,86.328,32.0625,58.51435,33365.93,102940.9,850.0,,,,,114.0,
2024-05-03 23:00:00,6.961527,421.5129,86.328,31.9875,60.82138,33776.6,103357.3,850.0,,,,,114.0,
2024-05-03 23:20:00,,,,,,,,,,,,,115.0,
2024-05-03 23:30:00,6.965142,422.2288,86.328,32.04375,65.4517,33160.61,103763.3,850.0,,,,,115.0,
2024-05-04 00:00:00,6.96071,422.9996,86.328,32.00625,65.91839,32693.55,104200.1,850.0,,,,,115.0,
2024-05-04 00:20:00,,,,,,,,,,,,,116.0,
2024-05-04 00:30:00,6.960926,422.5041,86.328,32.00625,63.05885,33658.86,104624.6,850.0,,,,,116.0,
2024-05-04 01:00:00,6.959833,422.2288,86.328,32.0625,65.25004,33215.48,105049.5,850.0,,,,,116.0,
2024-05-04 01:20:00,,,,,,,,,,,,,117.0,
2024-05-04 01:30:00,6.949702,422.1737,86.328,32.0625,64.87159,33245.9,105474.6,850.0,,,,,117.0,
2024-05-04 02:00:00,6.961564,421.2376,86.328,32.0625,65.24393,33161.91,105898.3,850.0,,,,,117.0,
2024-05-04 02:20:00,,,,,,,,,,,,,118.0,
2024-05-04 02:30:00,6.950385,421.7332,86.328,32.23125,66.10572,33665.76,106323.0,850.0,,,,,118.0,
2024-05-04 03:00:00,6.941694,423.0547,86.328,32.26875,61.09195,32301.56,106747.9,850.0,,,,,118.0,
2024-05-04 03:20:00,,,,,,,,,,,,,119.0,
2024-05-04 03:30:00,6.938855,422.8344,86.328,32.26875,63.33244,32082.24,107172.5,850.0,,,,,119.0,
2024-05-04 04:00:00,6.939936,423.2198,85.284,32.26875,62.93378,33478.64,107597.4,850.0,,,,,119.0,
2024-05-04 04:20:00,,,,,,,,,,,,,120.0,
2024-05-04 04:30:00,6.916311,422.1737,85.284,32.26875,65.7296,32510.33,108016.2,850.0,,,,,120.0,
2024-05-04 05:00:00,6.91917,422.0085,85.284,32.2125,59.84115,32801.04,108430.5,850.0,,,,,120.0,
2024-05-04 05:20:00,,,,,,,,,,,,,121.0,
2024-05-04 05:30:00,6.917373,422.9446,85.284,31.9875,61.78399,32490.39,108855.1,850.0,,,,,121.0,
2024-05-04 06:00:00,6.93213,421.2927,85.284,31.51875,65.87968,32337.71,109280.9,850.0,,,,,121.0,
2024-05-04 06:20:00,,,,,,,,,,,,,122.0,
2024-05-04 06:30:00,6.969451,422.5041,85.284,32.4,64.09916,32102.7,109711.8,850.0,,,,,122.0,
2024-05-04 07:00:00,6.927628,423.0547,85.284,32.0625,67.08312,32400.29,110136.3,850.0,,,,,122.0,
2024-05-04 07:20:00,,,,,,,,,,,,,123.0,
2024-05-04 07:30:00,6.927628,422.9996,85.284,31.70625,60.01582,32960.1,110555.0,850.0,,,,,123.0,
2024-05-04 08:00:00,6.928527,423.2749,84.312,32.15625,63.67269,32807.97,110950.6,800.0,,,,,123.0,
2024-05-04 08:20:00,,,,,,,,,,,,,124.0,
2024-05-04 08:30:00,6.919914,424.211,84.312,31.875,66.93682,32465.29,111349.8,800.0,,,,,124.0,
2024-05-04 09:00:00,6.919914,423.4401,84.312,32.08125,64.52873,32004.39,111748.8,800.0,,,,,124.0,
2024-05-04 09:20:00,,,,,,,,,76.0,46.0,8191.0,6915.0,125.0,
2024-05-04 09:30:00,6.920928,424.9819,84.312,31.96875,67.68127,32391.28,112148.6,800.0,,,,,125.0,
2024-05-04 10:00:00,6.919981,424.8717,84.312,32.0625,70.421,31772.13,112547.9,800.0,,,,,125.0,
2024-05-04 10:20:00,,,,,,,,,,,,,126.0,
2024-05-04 10:30:00,6.919288,424.5964,84.312,32.11875,70.97604,32382.19,112947.8,800.0,,,,,126.0,
2024-05-04 11:00:00,6.955284,425.0369,84.312,32.04375,68.87759,31816.11,113292.9,800.0,,,,,126.0,
2024-05-04 11:20:00,,,,,,,,,,,,,127.0,
2024-05-04 11:30:00,6.884426,424.5964,84.312,32.1375,65.21187,32930.9,113595.4,600.0,,,,,127.0,
2024-05-04 12:00:00,6.917542,425.0369,82.284,32.04375,66.89996,32050.74,113874.2,679.4193,,,,,127.0,
2024-05-04 12:20:00,,,,,,,,,,,,,128.0,
2024-05-04 12:30:00,6.964284,426.6338,82.284,32.0625,65.56429,32104.23,114181.2,573.3482,,,,,128.0,
2024-05-04 13:00:00,6.918807,424.9819,82.284,32.025,68.38986,32562.26,114502.7,558.2756,,,,,128.0,
2024-05-04 13:20:00,,,,,,,,,,,,,129.0,
2024-05-04 13:30:00,6.92251,425.8078,82.284,32.1,65.50556,31724.45,114758.4,598.4163,,,,,129.0,
2024-05-04 14:00:00,6.953443,425.2021,82.284,31.9875,66.11588,31614.87,115048.2,616.6741,,,,,129.0,
2024-05-04 14:20:00,,,,,,,,,,,,,130.0,
2024-05-04 14:30:00,6.925713,425.973,82.284,32.11875,62.9357,32011.63,115332.2,486.6134,,,,,130.0,
2024-05-04 15:00:00,6.896165,425.0369,82.284,31.9875,64.31644,31617.63,115576.7,561.44,,,,,130.0,
2024-05-04 15:20:00,,,,,,,,,,,,,131.0,
2024-05-04 15:30:00,6.952444,425.7527,80.292,32.15625,72.04779,31440.25,115855.3,559.6326,,,,,131.0,
2024-05-04 16:00:00,6.953158,425.4224,80.292,32.00625,66.08975,31360.02,116127.4,575.3185,,,,,131.0,
2024-05-04 16:20:00,,,,,,,,,,,,,132.0,
2024-05-04 16:30:00,6.956559,427.1844,80.292,32.1375,68.30973,31882.14,116407.4,489.8193,,,,,132.0,
2024-05-04 17:00:00,6.94037,418.8149,80.292,31.96875,65.93396,30678.22,116707.3,522.5156,,,,,132.0,
2024-05-04 17:20:00,,,,,,,,,,,,,133.0,
2024-05-04 17:30:00,6.93235,416.3921,80.292,32.1375,67.27795,31947.04,116988.3,549.9956,,,,,133.0,
2024-05-04 18:00:00,6.941115,417.3282,80.292,31.9875,65.60371,30715.57,117253.0,557.3289,,,,,133.0,
2024-05-04 18:20:00,,,,,,,,,,,,,134.0,
2024-05-04 18:30:00,6.892485,417.0529,80.292,32.11875,58.66298,31441.52,117503.1,564.6756,,,,,134.0,
2024-05-04 19:00:00,6.906058,417.7687,80.292,32.04375,63.76363,31495.39,117742.0,552.0608,,,,,134.0,
2024-05-04 19:20:00,,,,,,,,,,,,,135.0,
2024-05-04 19:30:00,6.938915,418.6497,80.292,32.04375,67.73818,31642.32,117972.0,518.1156,,,,,135.0,
2024-05-04 20:00:00,6.955386,417.1079,80.292,32.04375,66.20206,30867.24,118225.9,461.6208,,,,,135.0,
2024-05-04 20:20:00,,,,,,,,,,,,,136.0,
2024-05-04 20:30:00,6.931871,417.9889,80.292,32.1,68.7057,30997.33,118463.1,440.5378,,,,,136.0,
2024-05-04 21:00:00,6.919688,418.8149,80.292,32.04375,64.94061,30472.21,118685.0,445.3319,,,,,136.0,
2024-05-04 21:20:00,,,,,,,,,72.0,35.0,8572.0,,137.0,
2024-05-04 21:30:00,6.921345,417.7687,80.292,32.15625,63.41134,31276.53,118928.0,486.9719,,,,,137.0,
2024-05-04 22:00:00,6.919322,417.8788,80.292,32.00625,67.55691,30101.46,119162.8,496.1467,,,,,137.0,
2024-05-04 22:20:00,,,,,,,,,,,,,138.0,
2024-05-04 22:30:00,6.922223,418.3193,80.292,32.1375,69.30971,29870.45,119389.7,479.4608,,,,,138.0,
2024-05-04 23:00:00,6.929626,419.4756,80.292,31.9875,73.46669,31301.21,119615.5,434.877,,,,,138.0,
2024-05-04 23:20:00,,,,,,,,,,,,,139.0,
2024-05-04 23:30:00,6.92815,419.2003,78.3,32.11875,65.88883,31272.8,119835.0,449.72,,,,,139.0,
2024-05-05 00:00:00,6.92811,417.7136,78.3,31.96875,64.11772,30936.12,120044.1,437.7497,,,,,139.0,
2024-05-05 00:20:00,,,,,,,,,,,,,140.0,
2024-05-05 00:30:00,6.92811,418.4294,78.3,32.23125,65.42754,31289.45,120251.0,411.9452,,,,,140.0,
2024-05-05 01:00:00,6.92811,419.3655,78.3,32.04375,67.62442,29771.71,120464.5,403.5289,,,,,140.0,
2024-05-05 01:20:00,,,,,,,,,,,,,141.0,
2024-05-05 01:30:00,6.911095,418.2643,78.3,32.11875,68.34344,30621.12,120683.3,477.2504,,,,,141.0,
2024-05-05 02:00:00,6.923648,418.9801,78.3,32.00625,67.62259,29341.63,120921.0,443.3719,,,,,141.0,
2024-05-05 02:20:00,,,,,,,,,,,,,142.0,
2024-05-05 02:30:00,6.930185,419.4206,78.3,32.1375,67.96058,30380.6,121161.1,442.4089,,,,,142.0,
2024-05-05 03:00:00,6.926463,419.3655,78.3,32.04375,68.36672,29697.51,121392.4,440.7437,,,,,142.0,
2024-05-05 03:20:00,,,,,,,,,,,,,143.0,
2024-05-05 03:30:00,6.912985,417.6035,76.236,32.1,64.20763,29958.95,121601.1,474.3778,,,,,143.0,
2024-05-05 04:00:00,6.910144,417.6035,76.236,32.08125,65.617,29927.86,121813.9,462.56,,,,,143.0,
2024-05-05 04:20:00,,,,,,,,,,,,,144.0,
2024-05-05 04:30:00,6.92091,418.4294,76.236,32.1,69.57088,30120.89,122048.7,447.0726,,,,,144.0,
2024-05-05 05:00:00,6.944011,417.7687,76.236,32.08125,69.85138,30754.37,122299.7,462.4593,,,,,144.0,
2024-05-05 05:20:00,,,,,,,,,,,,,145.0,
2024-05-05 05:30:00,6.946551,419.4206,76.236,32.11875,66.74123,29719.29,122551.2,483.9363,,,,,145.0,
2024-05-05 06:00:00,6.931515,419.3655,76.236,32.0625,68.60996,29278.13,122815.3,481.8726,,,,,145.0,
2024-05-05 06:20:00,,,,,,,,,,,,,146.0,
2024-05-05 06:30:00,6.926413,418.7598,76.236,32.1,65.23722,29682.91,123069.5,511.0222,,,,,146.0,
2024-05-05 07:00:00,6.929345,419.5307,76.236,32.04375,62.59942,29558.94,123331.5,525.7452,,,,,146.0,
2024-05-05 07:20:00,,,,,,,,,,,,,147.0,
2024-05-05 07:30:00,6.931101,417.9339,76.236,32.1,68.13322,30016.95,123591.2,535.2444,,,,,147.0,
2024-05-05 08:00:00,6.920509,418.0991,73.248,32.0625,68.29727,29829.29,123852.8,554.0815,,,,,147.0,
2024-05-05 08:20:00,,,,,,,,,,,,,148.0,
2024-05-05 08:30:00,6.921071,418.8149,73.248,31.81875,71.22988,30271.88,124115.3,521.4326,,,,,148.0,
2024-05-05 09:00:00,6.920514,418.5396,73.248,31.9875,71.30894,28987.98,124376.0,507.3511,,,,,148.0,
2024-05-05 09:20:00,,,,,,,,,68.0,38.0,8783.0,7624.0,149.0,
2024-05-05 09:30:00,6.91715,418.5946,73.248,31.81875,68.58604,29461.3,124620.3,514.3156,,,,,149.0,
2024-05-05 10:00:00,6.915157,419.8611,70.248,32.025,69.61179,29673.53,124863.1,483.8948,,,,,149.0,
2024-05-05 10:20:00,,,,,,,,,,,,,150.0,
2024-05-05 10:30:00,6.928081,419.3655,70.248,31.78125,68.73409,28359.3,125103.5,477.3689,,,,,150.0,
2024-05-05 11:00:00,6.942584,419.0902,70.248,31.93125,70.54067,29091.56,125354.3,502.323,,,,,150.0,
2024-05-05 11:20:00,,,,,,,,,,,,,151.0,
2024-05-05 11:30:00,6.926643,419.5857,70.248,31.8375,65.61866,28120.1,125651.4,478.6534,,,,,151.0,
2024-05-05 12:00:00,6.91562,419.5857,68.22,31.59375,58.01481,27470.26,125916.5,586.0934,,,,,151.0,
2024-05-05 12:20:00,,,,,,,,,,,,,152.0,
2024-05-05 12:30:00,6.91723,419.4756,68.22,31.7625,62.76271,26968.41,126177.4,516.1511,,,,,152.0,
2024-05-05 13:00:00,6.893514,419.6959,68.22,31.59375,65.18995,26909.92,126409.2,501.0771,,,,,152.0,
2024-05-05 13:20:00,,,,,,,,,,,,,153.0,
2024-05-05 13:30:00,6.883018,418.2643,66.204,31.70625,57.23473,26517.36,126637.6,505.5245,,,,,153.0,
2024-05-05 14:00:00,6.87925,421.8984,66.204,31.63125,55.53947,26453.95,126878.3,479.6519,,,,,153.0,
2024-05-05 14:20:00,,,,,,,,,,,,,154.0,
2024-05-05 14:30:00,6.889069,419.0902,66.204,31.66875,61.28852,26724.87,127139.7,500.3971,,,,,154.0,
2024-05-05 15:00:00,6.889258,421.1275,66.204,31.65,58.19432,27093.59,127432.8,550.0208,,,,,154.0,
2024-05-05 15:20:00,,,,,,,,,,,,,155.0,
2024-05-05 15:30:00,6.883386,420.1364,63.168,31.74375,54.4189,27256.62,127733.8,577.9674,,,,,155.0,
2024-05-05 16:00:00,6.88253,420.3566,63.168,31.63125,49.23411,25889.65,128028.4,597.8919,,,,,155.0,
2024-05-05 16:20:00,,,,,,,,,,,,,156.0,
2024-05-05 16:30:00,6.887431,419.806,60.144,31.29375,57.67511,25655.4,128322.6,572.843,,,,,156.0,
2024-05-05 17:00:00,6.930717,420.3566,60.144,29.5875,67.72529,25227.96,128614.1,554.2593,,,,,156.0,
2024-05-05 17:20:00,,,,,,,,,,,,,157.0,
2024-05-05 17:30:00,6.886105,421.6781,50.1,28.5,63.25055,25045.55,128921.8,555.2978,,,,,157.0,
NaT,,,,,,,,,,,,,,3421.259
