feature,coef
y4_t6,2.1630440277238865
y4_t7,2.1630440277238865
y1_t7,1.8708986820203097
y1_t6,1.8708986820203097
y1_t1,1.7651990897259913
y1_t0,1.7651990897259913
y1_t4,1.6625873556788162
y1_t5,1.6625873556788162
y1_t6^2,-1.609180738097781
y1_t6 y1_t7,-1.609180738097781
y1_t7^2,-1.609180738097781
y3_t5,1.5711254877244902
y3_t4,1.5711254877244902
y3_t6,1.533909753393277
y3_t7,1.533909753393277
y4_t2,1.4312318130835977
y4_t3,1.4312318130835977
y1_t6 y2_t7,-1.381339878583403
y1_t7 y2_t7,-1.381339878583403
y2_t6 y1_t7,-1.381339878583403
y1_t6 y2_t6,-1.381339878583403
y4_t4,1.3765728644947772
y4_t5,1.3765728644947772
y1_t3,1.3669464207030722
y1_t2,1.3669464207030722
y3_t2,1.229934138847387
y3_t3,1.229934138847387
y3_t1,1.2057628510877973
y3_t0,1.2057628510877973
y4_t1 y1_t2,1.1770175849152396
y4_t0 y1_t3,1.1770175849152396
y4_t1 y1_t3,1.1770175849152396
y4_t0 y1_t2,1.1770175849152396
y2_t3,1.1640257513844923
y2_t2,1.1640257513844923
y1_t2^2,-1.1262607847299337
y1_t3^2,-1.1262607847299337
y1_t2 y1_t3,-1.1262607847299337
y1_t0 y4_t1,1.0832505095463456
y1_t0 y4_t0,1.0832505095463456
y4_t0 y1_t1,1.0832505095463456
y1_t1 y4_t1,1.0832505095463456
y1_t1 y2_t6,0.9989998379330439
y1_t0 y2_t7,0.9989998379330439
y1_t0 y2_t6,0.9989998379330439
y1_t1 y2_t7,0.9989998379330439
y2_t1,0.9598187582148539
y2_t0,0.9598187582148539
y3_t6 y3_t7,0.8977696251442655
y3_t7^2,0.8977696251442655
y3_t6^2,0.8977696251442655
y4_t0 y3_t7,0.8055369415667808
y4_t1 y3_t6,0.8055369415667808
y4_t1 y3_t7,0.8055369415667808
y4_t0 y3_t6,0.8055369415667808
y1_t0 y1_t3,-0.7570327862775625
y1_t1 y1_t3,-0.7570327862775623
y1_t1 y1_t2,-0.7570327862775623
y1_t0 y1_t2,-0.7570327862775623
y4_t1 y2_t7,-0.756567084923581
y4_t0 y2_t7,-0.756567084923581
y4_t0 y2_t6,-0.756567084923581
y4_t1 y2_t6,-0.756567084923581
y2_t6^2,-0.7386640509878828
y2_t7^2,-0.7386640509878828
y2_t6 y2_t7,-0.7386640509878828
y1_t3 y2_t7,0.7293369045156965
y1_t3 y2_t6,0.7293369045156965
y1_t2 y2_t6,0.7293369045156965
y1_t2 y2_t7,0.7293369045156965
y2_t0 y1_t7,-0.7201609568259001
y2_t1 y1_t6,-0.7201609568258998
y2_t1 y1_t7,-0.7201609568258998
y2_t0 y1_t6,-0.7201609568258998
y3_t4 y1_t6,0.7159366988515732
y3_t4 y1_t7,0.7159366988515732
y3_t5 y1_t6,0.7159366988515732
y3_t5 y1_t7,0.7159366988515732
y1_t4 y3_t6,0.6490538738722142
y1_t4 y3_t7,0.6490538738722142
y1_t5 y3_t6,0.6490538738722142
y1_t5 y3_t7,0.6490538738722142
y2_t3^2,0.6365160657527023
y2_t2 y2_t3,0.6365160657527023
y2_t2^2,0.6365160657527023
y2_t0 y3_t6,0.6124329196483008
y2_t1 y3_t7,0.6124329196483008
y2_t0 y3_t7,0.6124329196483008
y2_t1 y3_t6,0.6124329196483008
y2_t4 y1_t7,-0.6007886625578395
y2_t5 y1_t7,-0.6007886625578395
y2_t5 y1_t6,-0.6007886625578395
y2_t4 y1_t6,-0.6007886625578395
y2_t5,0.5835149521522109
y2_t4,0.5835149521522109
y4_t5 y3_t6,0.5801082113940818
y4_t5 y3_t7,0.5801082113940818
y4_t4 y3_t7,0.5801082113940818
y4_t4 y3_t6,0.5801082113940818
y1_t4 y3_t4,0.5767584788391762
y1_t5 y3_t5,0.5767584788391762
y3_t4 y1_t5,0.5767584788391762
y1_t4 y3_t5,0.5767584788391762
y1_t6 y3_t6,0.5703139388142059
y3_t6 y1_t7,0.5703139388142059
y1_t6 y3_t7,0.5703139388142059
y1_t7 y3_t7,0.5703139388142059
y2_t3 y1_t7,-0.5464112265894592
y2_t3 y1_t6,-0.5464112265894592
y2_t2 y1_t7,-0.5464112265894592
y2_t2 y1_t6,-0.5464112265894592
y2_t0 y1_t3,-0.5404786143022148
y2_t0 y1_t2,-0.5404786143022148
y2_t1 y1_t3,-0.5404786143022148
y2_t1 y1_t2,-0.5404786143022147
y1_t5 y2_t7,-0.5253231237318163
y1_t4 y2_t6,-0.5253231237318163
y1_t5 y2_t6,-0.5253231237318163
y1_t4 y2_t7,-0.5253231237318163
y2_t0 y3_t4,0.49250509833301925
y2_t1 y3_t4,0.49250509833301925
y2_t1 y3_t5,0.49250509833301925
y2_t0 y3_t5,0.49250509833301925
y2_t1^2,0.4745706873402559
y2_t0 y2_t1,0.4745706873402559
y2_t0^2,0.4745706873402559
y4_t7^2,0.47358169425131097
y4_t6^2,0.4735816942513105
y4_t6 y4_t7,0.4735816942513105
y2_t1 y2_t6,-0.4586318678773103
y2_t0 y2_t6,-0.4586318678773103
y2_t1 y2_t7,-0.4586318678773103
y2_t0 y2_t7,-0.45863186787731
y4_t5 y4_t7,0.44197916786255126
y4_t4 y4_t7,0.44197916786255126
y4_t4 y4_t6,0.44197916786255126
y4_t5 y4_t6,0.44197916786255126
y1_t1 y3_t6,0.42755236860329987
y1_t0 y3_t7,0.42755236860329987
y1_t0 y3_t6,0.42755236860329987
y1_t1 y3_t7,0.42755236860329987
y4_t1,-0.4231271055857724
y4_t0,-0.4231271055857724
y2_t2 y3_t6,0.4188952708105889
y2_t3 y3_t6,0.4188952708105889
y2_t3 y3_t7,0.4188952708105889
y2_t2 y3_t7,0.4188952708105889
y4_t5 y2_t7,-0.4126870671611225
y4_t4 y2_t6,-0.4126870671611225
y4_t5 y2_t6,-0.4126870671611225
y4_t4 y2_t7,-0.4126870671611225
y4_t0 y4_t1,0.4095529520862018
y4_t0^2,0.4095529520862018
y4_t1^2,0.4095529520862018
y4_t0 y2_t1,-0.3986940369647096
y2_t0 y4_t1,-0.3986940369647096
y2_t0 y4_t0,-0.3986940369647096
y2_t1 y4_t1,-0.39869403696470956
y1_t1 y1_t7,0.38218195530257654
y1_t1 y1_t6,0.38218195530257654
y1_t0 y1_t7,0.38218195530257654
y1_t0 y1_t6,0.38218195530257654
y4_t2 y4_t7,0.3770749362619469
y4_t3 y4_t6,0.3770749362619469
y4_t3 y4_t7,0.3770749362619469
y4_t2 y4_t6,0.3770749362619469
y1_t0 y3_t4,0.36076992254050483
y1_t0 y3_t5,0.36076992254050483
y1_t1 y3_t5,0.36076992254050483
y1_t1 y3_t4,0.36076992254050483
y4_t1 y3_t5,0.36031782486629343
y4_t0 y3_t4,0.36031782486629343
y4_t0 y3_t5,0.36031782486629343
y4_t1 y3_t4,0.36031782486629343
y4_t1 y4_t4,0.35642788112711
y4_t0 y4_t4,0.35642788112711
y4_t1 y4_t5,0.35642788112711
y4_t0 y4_t5,0.35642788112711
y3_t2 y1_t6,0.35270844219303593
y3_t3 y1_t7,0.35270844219303593
y3_t3 y1_t6,0.35270844219303593
y3_t2 y1_t7,0.3527084421930359
y2_t0 y1_t4,-0.34992321034726936
y2_t0 y1_t5,-0.34992321034726936
y2_t1 y1_t5,-0.34992321034726936
y2_t1 y1_t4,-0.34992321034726936
y1_t2 y4_t2,-0.34833536463524656
y1_t2 y4_t3,-0.34833536463524656
y1_t3 y4_t3,-0.34833536463524656
y4_t2 y1_t3,-0.34833536463524656
y1_t5^2,0.3377646874359206
y1_t4^2,0.3377646874359206
y1_t4 y1_t5,0.3377646874359206
y2_t2 y3_t4,0.3328640817452825
y2_t3 y3_t5,0.3328640817452825
y2_t2 y3_t5,0.3328640817452825
y2_t3 y3_t4,0.3328640817452825
y1_t0 y2_t3,0.31804653450019976
y1_t0 y2_t2,0.3180465345001997
y1_t1 y2_t2,0.3180465345001997
y1_t1 y2_t3,0.3180465345001997
y3_t1 y2_t7,-0.3094938398067631
y3_t1 y2_t6,-0.309493839806763
y3_t0 y2_t6,-0.309493839806763
y3_t0 y2_t7,-0.309493839806763
y1_t4 y1_t6,-0.30916945157570586
y1_t5 y1_t7,-0.30916945157570586
y1_t5 y1_t6,-0.30916945157570586
y1_t4 y1_t7,-0.30916945157570586
y1_t4 y2_t5,-0.3090680167490581
y1_t4 y2_t4,-0.3090680167490581
y2_t4 y1_t5,-0.3090680167490581
y1_t5 y2_t5,-0.3090680167490581
y2_t0 y3_t3,0.3089127491130881
y2_t0 y3_t2,0.3089127491130881
y2_t1 y3_t2,0.3089127491130881
y2_t1 y3_t3,0.3089127491130881
y1_t1^2,-0.30056621645800286
y1_t0 y1_t1,-0.30056621645800286
y1_t0^2,-0.30056621645800286
y3_t3 y1_t4,0.3005371057750243
y3_t3 y1_t5,0.3005371057750243
y3_t2 y1_t4,0.3005371057750243
y3_t2 y1_t5,0.3005371057750243
y3_t1 y4_t1,0.2977533546204627
y3_t0 y4_t0,0.2977533546204627
y3_t0 y4_t1,0.2977533546204627
y4_t0 y3_t1,0.2977533546204627
y1_t1 y4_t5,0.29360400088934296
y1_t1 y4_t4,0.29360400088934296
y1_t0 y4_t5,0.29360400088934296
y1_t0 y4_t4,0.29360400088934296
y1_t2 y1_t6,0.29338169248883567
y1_t3 y1_t6,0.29338169248883567
y1_t3 y1_t7,0.29338169248883567
y1_t2 y1_t7,0.2933816924888356
y1_t4 y4_t7,0.288535086372649
y1_t5 y4_t7,0.288535086372649
y1_t4 y4_t6,0.288535086372649
y1_t5 y4_t6,0.288535086372649
y2_t4 y3_t4,0.28225761422629103
y3_t4 y2_t5,0.28225761422629103
y2_t4 y3_t5,0.28225761422629103
y2_t5 y3_t5,0.28225761422629103
y4_t0 y2_t3,-0.2816952496780878
y4_t0 y2_t2,-0.2816952496780878
y4_t1 y2_t3,-0.2816952496780878
y4_t1 y2_t2,-0.2816952496780878
y4_t0 y1_t6,0.2795002518194918
y4_t1 y1_t6,0.2795002518194918
y4_t0 y1_t7,0.2795002518194918
y4_t1 y1_t7,0.2795002518194918
y3_t2^2,-0.2760352967167491
y3_t2 y3_t3,-0.2760352967167491
y3_t3^2,-0.2760352967167491
y3_t1 y3_t2,-0.2741278095198309
y3_t0 y3_t2,-0.2741278095198309
y3_t0 y3_t3,-0.2741278095198309
y3_t1 y3_t3,-0.2741278095198309
y4_t2 y3_t6,0.2700262232612597
y4_t2 y3_t7,0.2700262232612597
y4_t3 y3_t7,0.2700262232612597
y4_t3 y3_t6,0.2700262232612597
y3_t4 y4_t4,0.26423113982487106
y3_t5 y4_t5,0.26423113982487106
y3_t4 y4_t5,0.26423113982487106
y4_t4 y3_t5,0.26423113982487106
y1_t0 y2_t4,0.2628982723141581
y1_t0 y2_t5,0.2628982723141581
y1_t1 y2_t4,0.2628982723141581
y1_t1 y2_t5,0.2628982723141581
y4_t1 y4_t6,0.2612397084333628
y4_t0 y4_t6,0.2612397084333628
y4_t1 y4_t7,0.2612397084333628
y4_t0 y4_t7,0.2612397084333628
y3_t2 y2_t3,0.2564013451382819
y2_t2 y3_t3,0.2564013451382819
y2_t2 y3_t2,0.2564013451382819
y2_t3 y3_t3,0.2564013451382819
y3_t0 y4_t6,-0.2519964452039878
y3_t1 y4_t6,-0.2519964452039878
y3_t1 y4_t7,-0.2519964452039878
y3_t0 y4_t7,-0.2519964452039878
y2_t1 y4_t7,0.2431655891127546
y2_t1 y4_t6,0.2431655891127546
y2_t0 y4_t7,0.2431655891127546
y2_t0 y4_t6,0.2431655891127546
y2_t5 y3_t7,0.23802920215426368
y2_t4 y3_t7,0.23802920215426368
y2_t5 y3_t6,0.23802920215426368
y2_t4 y3_t6,0.23802920215426368
y1_t3 y4_t4,0.23772489166452526
y1_t3 y4_t5,0.23772489166452526
y1_t2 y4_t4,0.23772489166452526
y1_t2 y4_t5,0.23772489166452526
y1_t0 y3_t3,0.2358977723387494
y1_t1 y3_t3,0.2358977723387494
y1_t1 y3_t2,0.2358977723387494
y1_t0 y3_t2,0.2358977723387494
y3_t0 y3_t1,-0.22503875741201912
y3_t1^2,-0.22503875741201912
y3_t0^2,-0.22503875741201912
y1_t4 y4_t4,0.2178855713668284
y1_t5 y4_t5,0.2178855713668284
y4_t4 y1_t5,0.2178855713668284
y1_t4 y4_t5,0.2178855713668284
y3_t6 y4_t7,0.2152771902935806
y4_t6 y3_t7,0.2152771902935806
y3_t6 y4_t6,0.2152771902935806
y3_t7 y4_t7,0.21527719029358056
y4_t0 y1_t4,0.20905863921690887
y4_t1 y1_t5,0.20905863921690848
y4_t0 y1_t5,0.20905863921690848
y4_t1 y1_t4,0.20905863921690848
y3_t1 y1_t3,-0.20081527388661669
y3_t1 y1_t2,-0.20081527388661669
y3_t0 y1_t2,-0.20081527388661669
y3_t0 y1_t3,-0.20081527388661669
y1_t6 y4_t7,-0.199169151916049
y1_t7 y4_t7,-0.199169151916049
y4_t6 y1_t7,-0.199169151916049
y1_t6 y4_t6,-0.199169151916049
y2_t0 y2_t5,-0.1896346148058784
y2_t1 y2_t5,-0.1896346148058784
y2_t1 y2_t4,-0.1896346148058784
y2_t0 y2_t4,-0.1896346148058784
y3_t3 y3_t5,-0.18920896134238133
y3_t2 y3_t4,-0.18920896134238133
y3_t3 y3_t4,-0.18920896134238133
y3_t2 y3_t5,-0.18920896134238133
y1_t2 y3_t7,0.1858990384320014
y1_t3 y3_t6,0.1858990384320014
y1_t3 y3_t7,0.1858990384320014
y1_t2 y3_t6,0.18589903843200137
y4_t0 y3_t2,0.1840089283793583
y4_t1 y3_t3,0.1840089283793583
y4_t1 y3_t2,0.1840089283793583
y4_t0 y3_t3,0.1840089283793583
y1_t2 y3_t4,0.18239220909516224
y1_t3 y3_t5,0.18239220909516224
y1_t3 y3_t4,0.18239220909516224
y1_t2 y3_t5,0.18239220909516224
y4_t2 y2_t3,0.18171048402014683
y2_t2 y4_t3,0.18171048402014683
y2_t2 y4_t2,0.18171048402014683
y2_t3 y4_t3,0.18171048402014678
y2_t6 y4_t6,-0.17471162573915988
y2_t6 y4_t7,-0.17471162573915988
y2_t7 y4_t7,-0.17471162573915988
y4_t6 y2_t7,-0.17471162573915988
y3_t0 y3_t4,-0.17011405202260838
y3_t0 y3_t5,-0.17011405202260838
y3_t1 y3_t4,-0.17011405202260838
y3_t1 y3_t5,-0.17011405202260838
y1_t1 y4_t3,-0.16725639319144914
y1_t1 y4_t2,-0.16725639319144914
y1_t0 y4_t3,-0.16725639319144914
y1_t0 y4_t2,-0.16725639319144886
y2_t3 y4_t7,0.1665113572289198
y2_t3 y4_t6,0.1665113572289198
y2_t2 y4_t7,0.1665113572289198
y2_t2 y4_t6,0.1665113572289198
y4_t3 y1_t6,-0.16386360095111244
y4_t2 y1_t7,-0.16386360095111244
y4_t2 y1_t6,-0.16386360095111244
y4_t3 y1_t7,-0.16386360095111244
y2_t5 y2_t7,-0.1634971854095094
y2_t5 y2_t6,-0.1634971854095094
y2_t4 y2_t7,-0.1634971854095094
y2_t4 y2_t6,-0.1634971854095094
y2_t3 y2_t5,0.1599722962318917
y2_t2 y2_t5,0.1599722962318917
y2_t2 y2_t4,0.1599722962318917
y2_t3 y2_t4,0.15997229623189158
y2_t6 y3_t6,-0.15770887923075252
y2_t7 y3_t7,-0.15770887923075252
y2_t6 y3_t7,-0.15770887923075252
y3_t6 y2_t7,-0.15770887923075252
y1_t2 y2_t2,0.1529232922747213
y2_t2 y1_t3,0.1529232922747213
y1_t2 y2_t3,0.1529232922747213
y1_t3 y2_t3,0.1529232922747213
y3_t3 y2_t4,0.14902719498899164
y3_t2 y2_t5,0.14902719498899164
y3_t3 y2_t5,0.14902719498899164
y3_t2 y2_t4,0.14902719498899164
y3_t4^2,-0.143830001380152
y3_t5^2,-0.143830001380152
y3_t4 y3_t5,-0.143830001380152
y4_t3 y3_t4,0.1406876183182702
y4_t2 y3_t5,0.1406876183182702
y4_t2 y3_t4,0.1406876183182702
y4_t3 y3_t5,0.1406876183182702
y3_t5 y2_t7,0.13760684935485487
y3_t4 y2_t7,0.13760684935485487
y3_t4 y2_t6,0.13760684935485454
y3_t5 y2_t6,0.13760684935485454
y2_t1 y2_t2,-0.12935732002325162
y2_t0 y2_t3,-0.1293573200232516
y2_t1 y2_t3,-0.1293573200232516
y2_t0 y2_t2,-0.1293573200232516
y1_t3 y2_t4,0.12469834673559195
y1_t2 y2_t4,0.12469834673559195
y1_t3 y2_t5,0.12469834673559195
y1_t2 y2_t5,0.12469834673559195
y3_t2 y4_t5,0.12281857887804908
y3_t2 y4_t4,0.12281857887804908
y3_t3 y4_t5,0.12281857887804908
y3_t3 y4_t4,0.12281857887804908
y3_t1 y3_t7,0.11982244372277773
y3_t1 y3_t6,0.11982244372277741
y3_t0 y3_t6,0.11982244372277741
y3_t0 y3_t7,0.11982244372277741
y3_t4 y3_t6,0.10582000187306702
y3_t5 y3_t6,0.10582000187306702
y3_t4 y3_t7,0.10582000187306694
y3_t5 y3_t7,0.10582000187306694
y2_t0 y4_t4,-0.10249421066888822
y2_t1 y4_t4,-0.10249421066888822
y2_t0 y4_t5,-0.10249421066888822
y2_t1 y4_t5,-0.10249421066888822
y4_t4 y4_t5,0.09942749998973986
y4_t4^2,0.09942749998973986
y4_t5^2,0.09942749998973986
y1_t3 y1_t5,-0.09894135757083161
y1_t3 y1_t4,-0.09894135757083161
y1_t2 y1_t5,-0.09894135757083161
y1_t2 y1_t4,-0.09894135757083161
y2_t5^2,0.09816401390755772
y2_t4^2,0.09816401390755772
y2_t4 y2_t5,0.09816401390755772
y2_t0 y4_t3,0.09707208885378968
y2_t1 y4_t2,0.09707208885378968
y2_t1 y4_t3,0.09707208885378968
y2_t0 y4_t2,0.09707208885378968
y3_t1 y4_t4,0.09285805185129754
y3_t1 y4_t5,0.09285805185129754
y3_t0 y4_t5,0.09285805185129754
y3_t0 y4_t4,0.09285805185129754
y3_t3 y2_t7,-0.08779025789545347
y3_t2 y2_t6,-0.08779025789545347
y3_t3 y2_t6,-0.08779025789545347
y3_t2 y2_t7,-0.08779025789545324
y4_t3 y2_t7,-0.08704359473820772
y4_t3 y2_t6,-0.08704359473820769
y4_t2 y2_t6,-0.08704359473820769
y4_t2 y2_t7,-0.08704359473820769
y3_t2 y1_t3,0.08427258895214237
y1_t2 y3_t3,0.08427258895214237
y1_t2 y3_t2,0.08427258895214237
y1_t3 y3_t3,0.08427258895214237
y4_t0 y2_t5,-0.07986689690213844
y4_t1 y2_t5,-0.07986689690213844
y4_t1 y2_t4,-0.07986689690213844
y4_t0 y2_t4,-0.0798668969021383
y4_t3 y4_t5,-0.07813226040165815
y4_t3 y4_t4,-0.07813226040165815
y4_t2 y4_t4,-0.07813226040165815
y4_t2 y4_t5,-0.07813226040165815
y2_t3 y2_t6,-0.07542261489478339
y2_t3 y2_t7,-0.07542261489478339
y2_t2 y2_t7,-0.07542261489478339
y2_t2 y2_t6,-0.07542261489478339
y3_t2 y3_t7,0.07460307057431154
y3_t3 y3_t6,0.07460307057431134
y3_t3 y3_t7,0.07460307057431134
y3_t2 y3_t6,0.07460307057431134
y4_t5 y1_t6,-0.07443433706422398
y4_t4 y1_t7,-0.07443433706422398
y4_t4 y1_t6,-0.07443433706422398
y4_t5 y1_t7,-0.07443433706422398
y1_t0 y2_t1,-0.07297244620476018
y1_t0 y2_t0,-0.07297244620476018
y2_t0 y1_t1,-0.07297244620476018
y1_t1 y2_t1,-0.07297244620476018
y2_t5 y4_t5,-0.06806724797470885
y4_t4 y2_t5,-0.06806724797470885
y2_t4 y4_t5,-0.06806724797470885
y2_t4 y4_t4,-0.06806724797470885
y3_t1 y1_t5,-0.06521612970179769
y3_t0 y1_t4,-0.06521612970179769
y3_t0 y1_t5,-0.06521612970179769
y3_t1 y1_t4,-0.06521612970179769
y3_t3 y4_t7,-0.0614591626003805
y3_t3 y4_t6,-0.0614591626003805
y3_t2 y4_t7,-0.0614591626003805
y3_t2 y4_t6,-0.0614591626003805
y4_t2^2,-0.058402170281243074
y4_t3^2,-0.058402170281243074
y4_t2 y4_t3,-0.058402170281243074
y3_t4 y4_t6,0.0532003751953406
y3_t5 y4_t6,0.0532003751953406
y3_t4 y4_t7,0.0532003751953406
y3_t5 y4_t7,0.0532003751953406
y2_t6,0.053095733661208205
y2_t7,0.053095733661208205
y3_t2 y4_t2,0.05125765090005643
y4_t2 y3_t3,0.05125765090005643
y3_t3 y4_t3,0.05125765090005643
y3_t2 y4_t3,0.05125765090005643
y2_t0 y3_t1,0.051205826908613736
y2_t0 y3_t0,0.051205826908613736
y3_t0 y2_t1,0.051205826908613736
y2_t1 y3_t1,0.051205826908613736
y1_t1 y3_t1,-0.0442959416129477
y1_t0 y3_t1,-0.0442959416129477
y1_t0 y3_t0,-0.0442959416129477
y3_t0 y1_t1,-0.0442959416129477
y4_t3 y1_t5,0.043491727806791156
y4_t3 y1_t4,0.043491727806791156
y4_t2 y1_t4,0.043491727806791156
y4_t2 y1_t5,0.043491727806791156
y3_t1 y1_t7,0.04127717128398452
y3_t0 y1_t7,0.04127717128398441
y3_t0 y1_t6,0.04127717128398441
y3_t1 y1_t6,0.04127717128398441
y1_t1 y4_t6,0.0353219205328794
y1_t1 y4_t7,0.0353219205328794
y1_t0 y4_t7,0.0353219205328794
y1_t0 y4_t6,0.0353219205328794
y3_t0 y2_t2,-0.03367962806748886
y3_t1 y2_t3,-0.03367962806748886
y3_t0 y2_t3,-0.03367962806748886
y3_t1 y2_t2,-0.03367962806748886
y3_t0 y4_t2,-0.027623129892618413
y3_t0 y4_t3,-0.027623129892618413
y3_t1 y4_t2,-0.027623129892618413
y3_t1 y4_t3,-0.027623129892618413
y1_t3 y4_t6,-0.027279674409541085
y1_t3 y4_t7,-0.027279674409541085
y1_t2 y4_t7,-0.027279674409541085
y1_t2 y4_t6,-0.027279674409540995
y2_t2 y4_t4,-0.026340022121504165
y2_t2 y4_t5,-0.026340022121504165
y2_t3 y4_t5,-0.026340022121504165
y2_t3 y4_t4,-0.026340022121504165
y4_t0 y4_t3,0.025740738979197833
y4_t0 y4_t2,0.025740738979197694
y4_t1 y4_t2,0.025740738979197694
y4_t1 y4_t3,0.025740738979197694
y2_t5 y4_t6,0.02553229863112638
y2_t5 y4_t7,0.02553229863112638
y2_t4 y4_t6,0.02553229863112638
y2_t4 y4_t7,0.02553229863112638
y4_t2 y2_t5,0.02130245247685374
y4_t3 y2_t4,0.02130245247685374
y4_t3 y2_t5,0.02130245247685374
y4_t2 y2_t4,0.02130245247685374
y2_t3 y1_t4,0.01817361821629793
y2_t2 y1_t5,0.01817361821629778
y2_t3 y1_t5,0.01817361821629778
y2_t2 y1_t4,0.01817361821629778
y3_t0 y2_t4,-0.016476314402241767
y3_t0 y2_t5,-0.016476314402241767
y3_t1 y2_t4,-0.016476314402241767
y3_t1 y2_t5,-0.016476314402241767
y1_t1 y1_t4,0.004164453525559206
y1_t1 y1_t5,0.004164453525559206
y1_t0 y1_t5,0.004164453525559206
y1_t0 y1_t4,0.004164453525559206
1,0.0
